Index,Name,gt_ID,gt_Name,Predicted Match,Actual Match,Exact,.,other punctuation,white space,truncation,spelling mistakes,var lacks suffix,gt lacks suffix,long vs short suffix,extra words,insurance words,the,acronym,.com,Global
0,ACELYRIN GLOBAL,241295,ACELYRIN INC.,0,1,0,0,0,0,0,0,1,0,0,0,0,0,0,0,1
1,AGIOS PHARMACEUT GLOBAL,373513,AGIOS PHARMACEUTICALS INC.,0,1,0,0,0,0,1,0,1,0,0,0,0,0,0,0,1
2,ALBERT B SABIN US,,,0,0,0,0,0,0,0,0,0,0,0,0,0,0,0,0,0
3,ALNYLAM PHARMACEUT GLOBAL,241377,ALNYLAM PHARMACEUTICALS INC.,0,1,0,0,0,0,1,0,1,0,0,0,0,0,0,0,1
4,ALVOGEN PINE BROOK US,2485134,ALVOGEN INC,0,1,0,0,0,0,0,0,1,0,0,1,0,0,0,0,0
5,AMYLYX PHARMACEU GLOBAL,241446,AMYLYX PHARMACEUTICALS INC.,0,1,0,0,0,0,1,0,1,0,0,0,0,0,0,0,0
6,AMYLYX PHARMACEUTICALS,241446,AMYLYX PHARMACEUTICALS INC.,1,1,0,1,0,0,0,0,1,0,0,0,0,0,0,0,0
7,AMYLYX PHARMACEUTICALS INC,241446,AMYLYX PHARMACEUTICALS INC.,1,1,0,1,0,0,0,0,0,0,0,0,0,0,0,0,0
8,AN2 THERAPEUTICS,373752,AN2 THERAPEUTICS INC.,1,1,0,1,0,0,0,0,1,0,0,0,0,0,0,0,0
9,AN2 THERAPEUTICS GLOBAL,373752,AN2 THERAPEUTICS INC.,1,1,0,1,0,0,0,0,1,0,0,0,0,0,0,0,1
10,AN2 THERAPEUTICS INC,373752,AN2 THERAPEUTICS INC.,1,1,0,1,0,0,0,0,0,0,0,0,0,0,0,0,0
11,ANAPTYSBIO GLOBAL,373758,ANAPTYSBIO INC.,0,1,0,0,0,0,0,0,1,0,0,0,0,0,0,0,1
12,ANTHOS THERAPEUTI GLOBAL,,,0,0,0,0,0,0,0,0,0,0,0,0,0,0,0,0,1
13,ANTIVA BIOSCIENCE GLOBAL,390497,ANTIVA BIOSCIENCES INC.,0,1,0,0,0,0,0,0,1,0,0,0,0,0,0,0,1
14,APELLIS PHARMACEU GLOBAL,241461,APELLIS PHARMACEUTICALS INC.,0,1,0,0,0,0,1,0,1,0,0,0,0,0,0,0,1
15,AUTONOMIX MEDICAL GLOBAL,,,0,0,0,0,0,0,0,0,0,0,0,0,0,0,0,0,0
16,AVANA COMPANIES LLC,,,0,0,0,0,0,0,0,0,0,0,0,0,0,0,0,0,0
17,AVANA HEALTH GLOBAL,,,0,0,0,0,0,0,0,0,0,0,0,0,0,0,0,0,0
18,Aviator,,,0,0,0,0,0,0,0,0,0,0,0,0,0,0,0,0,0
19,Aviator (3XS),,,0,0,0,0,0,0,0,0,0,0,0,0,0,0,0,0,0
20,Aviator 1 XS,,,0,0,0,0,0,0,0,0,0,0,0,0,0,0,0,0,0
21,Aviator 2 XS,,,0,0,0,0,0,0,0,0,0,0,0,0,0,0,0,0,0
22,Aviator 3 XS,,,0,0,0,0,0,0,0,0,0,0,0,0,0,0,0,0,0
23,BIOHAVEN PHARMACEUTICA US,17681,BIOHAVEN PHARMACEUTICALS,0,1,0,0,0,0,1,0,0,0,0,1,0,0,0,0,1
24,BIOHAVEN THERAPEUT GLOBAL,17681,BIOHAVEN PHARMACEUTICALS,0,1,0,0,0,0,1,0,0,0,0,0,0,0,0,0,0
25,BORNS CTP,,,0,0,0,0,0,0,0,0,0,0,0,0,0,0,0,0,0
26,BORNS MEDICAL ROBO GLOBAL,,,0,0,0,0,0,0,0,0,0,0,0,0,0,0,0,0,0
27,CBRE,347573,CBRE,0,1,1,0,0,0,0,0,0,0,0,0,0,0,0,0,0
28,CBRE CAPITAL MARKETS OF TEXAS,347703,CBRE CAPITAL MARKETS INC,0,1,0,0,0,0,0,0,0,0,0,1,0,0,0,0,0
29,"CBRE GROUP, INC",92912,CBRE GROUP INC.,0,1,0,1,1,0,0,0,0,0,0,0,0,0,0,0,0
30,CBRE LOAN SERVICES INC,347783,CBRE LOAN SERVICES INC.,1,1,0,1,0,0,0,0,0,0,0,0,0,0,0,0,0
31,CEN (equity) (United States),,,0,0,0,0,0,0,0,0,0,0,0,0,0,0,0,0,0
32,CEN (fixed) (United States),,,0,0,0,0,0,0,0,0,0,0,0,0,0,0,0,0,0
33,CEN (mobile) (United States),,,0,0,0,0,0,0,0,0,0,0,0,0,0,0,0,0,0
34,CHINOOK THERAPEUTICS US,473135,CHINOOK THERAPEUTICS U.S. INC.,1,1,0,1,0,0,0,0,1,0,0,0,0,0,0,0,0
35,CLINUVEL GLOBAL,,,0,0,0,0,0,0,0,0,0,0,0,0,0,0,0,0,0
36,CONFLUENT,241890,CONFLUENT INC.,0,1,0,0,0,0,0,0,1,0,0,0,0,0,0,0,0
37,CONFLUENT INC,241890,CONFLUENT INC.,0,1,0,1,0,0,0,0,0,0,0,0,0,0,0,0,0
38,"CONFLUENT, INC.",241890,CONFLUENT INC.,0,1,0,1,1,0,0,0,0,0,0,0,0,0,0,0,0
39,CPC CLINICAL RESE GLOBAL,,,0,0,0,0,0,0,0,0,0,0,0,0,0,0,0,0,0
40,CPC Corporation (United States),,,0,0,0,0,0,0,0,0,0,0,0,0,0,0,0,0,0
41,CROWN,195638,CROWN,0,1,0,0,0,0,0,0,0,0,0,0,0,0,0,0,0
42,Camurus AB,,,0,0,0,0,0,0,0,0,0,0,0,0,0,0,0,0,0
43,DENKA PERFORMANCE ELASTOMER,1901780,DENKA PERFORMANCE ELASTOMERS,0,1,0,0,0,0,0,0,0,0,0,0,0,0,0,0,0
44,DOLLAR GENERAL CORPORATION,800709,DOLLAR GENERAL CORRPORATION,0,1,1,0,0,0,0,0,0,0,0,0,0,0,0,0,0
45,DOLLAR MUTUAL BANCORP,3208593,DOLLAR MUTUAL BANCORP,1,1,1,0,0,0,0,0,0,0,0,0,0,0,0,0,0
46,DOLLAR MUTUAL BANCORP FEDERAL,3208593,DOLLAR MUTUAL BANCORP,1,1,0,0,0,0,0,0,0,0,0,1,0,0,0,0,0
47,DUSIT USA MANAGEMENT INC.,980707,DUSIT USA MANAGEMENT INC.,1,1,1,0,0,0,0,0,0,0,0,0,0,0,0,0,0
48,ELEVATION ONCOLOGY GLOBAL,375627,ELEVATION ONCOLOGY INC.,1,1,0,1,0,0,0,0,1,0,0,0,0,0,0,0,1
49,ELEVATION ONCOLOGY INC,375627,ELEVATION ONCOLOGY INC.,1,1,0,1,0,0,0,0,0,0,0,0,0,0,0,0,0
50,EXCESS RISK. Project Titan,,,0,0,0,0,0,0,0,0,0,0,0,0,0,0,0,0,0
51,Echo,,,0,0,0,0,0,0,0,0,0,0,0,0,0,0,0,0,0
52,Elevation Oncology (Axis) DPT,375627,ELEVATION ONCOLOGY INC.,1,1,0,1,1,0,0,0,1,0,0,1,0,0,0,0,0
53,"Elevation Oncology, Inc.",375627,ELEVATION ONCOLOGY INC.,1,1,0,0,1,0,0,0,0,0,0,0,0,0,0,0,0
54,FORMA THERAPEUTICS US,541803,FORMA THERAPEUTICS,1,1,0,0,0,0,0,0,0,0,0,1,0,0,0,0,0
55,FUJIFILM BI INTERNATIONAL,1540309,FUJIFILM BI INTERNATIONAL OPERATIONS CORP.,0,1,0,0,0,0,0,0,1,0,0,0,0,0,0,0,0
56,Ford Motor Company,2308901,FORD MOTOR COMP,0,1,0,0,0,0,0,0,0,0,1,0,0,0,0,0,0
57,GB002 GLOBAL,,,0,0,0,0,0,0,0,0,0,0,0,0,0,0,0,0,0
58,GLOBAL BLOOD THERAPEUT US,17794,GLOBAL BLOOD THERAPEUTICS INC.,0,1,0,0,0,0,1,0,1,0,0,1,0,0,0,0,0
59,Gateway,953154,GATEWAY,0,1,1,0,0,0,0,0,0,0,0,0,0,0,0,0,0
60,INCYTE GLOBAL,242506,INCYTE CORPORATION,0,1,0,0,0,0,0,0,1,0,0,0,0,0,0,0,0
61,INVESCO LIMITED,242560,INVESCO LTD.,0,1,0,1,0,0,0,0,0,0,1,0,0,0,0,0,0
62,Indian Oil Corporation (United States),,,0,0,0,0,1,0,0,0,0,0,0,0,0,0,0,0,0
63,K & L GATES LLP,2624334,K&L GATES LLP,0,1,0,0,1,1,0,0,0,0,0,0,0,0,0,0,0
64,MFS INVESTMENT MANAGEMENT,2615279,MFS INVESTMENT MANAGEMENT FOUNDATION INC.,0,1,0,0,0,0,0,0,1,0,0,0,0,0,0,0,0
65,MIRUM PHARMACEUTICALS US,377984,MIRUM PHARMACEUTICALS INC.,1,1,0,1,0,0,0,0,1,0,0,1,0,0,0,0,0
66,MODERNATX GLOBAL,390703,MODERNATX INC,0,1,0,0,0,0,0,0,1,0,0,0,0,0,0,0,1
67,MORRISON AND FOERSTER LLP,131212,MORRISON & FOERSTER LLP,1,1,0,0,1,0,0,0,0,0,0,0,0,0,0,0,0
68,"Minebea Mitsumi, Inc.",1941477,MITSUMI ELECTRONICS CORP,0,1,0,1,1,0,0,0,0,0,0,0,0,0,0,0,0
69,Monarch,41606,MONARCH,0,1,0,0,0,0,0,0,0,0,0,0,0,0,0,0,0
70,NATIONAL BEVERAGE CORPORATION,237042,NATIONAL BEVERAGE CORP,0,1,0,0,0,0,0,0,0,0,1,0,0,0,0,0,0
71,NS PHARMA US,1686236,NS PHARMA INC,1,1,0,0,0,0,0,0,1,0,0,1,0,0,0,0,0
72,North Clark LLC,323117,NORTH CLARK LLC,1,1,1,0,0,0,0,0,0,0,0,0,0,0,0,0,0
73,OBOS BBL,,,0,0,0,0,0,0,0,0,0,0,0,0,0,0,0,0,0
74,OTSUKA GLOBAL,1706021,OTSUKA GLOBAL INSURANCE INC.,1,1,0,1,0,0,1,0,1,0,0,0,0,0,0,0,0
75,OTSUKA PHARMACEUTI GLOBAL,1706051,OTSUKA PHARMACEUTICAL,0,1,0,0,0,0,1,0,0,0,0,0,0,0,0,0,1
76,Odyssey,106189,ODYSSEY LLC,0,1,0,0,0,0,0,0,0,0,0,0,0,0,0,0,0
77,Odyssey II,106189,ODYSSEY LLC,0,1,0,0,0,0,0,0,0,0,0,0,0,0,0,0,0
78,PAUL HASTINGS JANOFSKY & WALKER LLP,2479871,PAUL HASTINGS LLP,0,1,0,0,1,0,0,0,0,0,0,0,0,0,0,0,0
79,PAUL HASTINGS LLP,2479871,PAUL HASTINGS LLP,1,1,1,0,0,0,0,0,0,0,0,0,0,0,0,0,0
80,PLIANT THERAPEUTICS US,378874,PLIANT THERAPEUTICS INC.,1,1,0,1,0,0,0,0,1,0,0,1,0,0,0,0,0
81,PPD DO BR,26968,PPD INC.,0,1,0,0,0,0,0,0,1,0,0,1,0,0,0,0,0
82,PPD GLOBAL,26968,PPD INC.,0,1,0,0,0,0,0,0,0,0,0,0,0,0,0,0,1
83,PROLOGIS INC,93343,PROLOGIS INC.,0,1,0,1,0,0,0,0,0,0,0,0,0,0,0,0,0
84,PROSKAUER ROSE,793783,PROSKAUER ROSE LLP,1,1,0,0,0,0,0,0,1,0,0,0,0,0,0,0,0
85,PROSKAUER ROSE UK LLP,793783,PROSKAUER ROSE LLP,0,1,0,0,0,0,0,0,0,0,0,1,0,0,0,0,0
86,Project Atlantic Bosch Marsh US,,,0,0,0,0,0,0,0,0,0,0,0,0,0,0,0,0,0
87,Project Bluefish Marsh US,,,0,0,0,0,0,0,0,0,0,0,0,0,0,0,0,0,0
88,Project Catalent (Novo) MST,,,0,0,0,0,0,0,0,0,0,0,0,0,0,0,0,0,0
89,Project Catalent Lockton US,,,0,0,0,0,0,0,0,0,0,0,0,0,0,0,0,0,0
90,Project Erie,,,0,0,0,0,0,0,0,0,0,0,0,0,0,0,0,0,0
91,Project Fresh,,,0,0,0,0,0,0,0,0,0,0,0,0,0,0,0,0,0
92,Project Hercules,,,0,0,0,0,0,0,0,0,0,0,0,0,0,0,0,0,0
93,Project Hercules II,,,0,0,0,0,0,0,0,0,0,0,0,0,0,0,0,0,0
94,Project Neptune Aon NFP US 23,,,0,0,0,0,0,0,0,0,0,0,0,0,0,0,0,0,0
95,Project Nobel,,,0,0,0,0,0,0,0,0,0,0,0,0,0,0,0,0,0
96,Project Noble /Nobel,,,0,0,0,0,0,0,0,0,0,0,0,0,0,0,0,0,0
97,Project Odyssey Atlantic US,,,0,0,0,0,0,0,0,0,0,0,0,0,0,0,0,0,0
98,Project Pivot,,,0,0,0,0,0,0,0,0,0,0,0,0,0,0,0,0,0
99,Project Summit,,,0,0,0,0,0,0,0,0,0,0,0,0,0,0,0,0,0
100,Project Titan,,,0,0,0,0,0,0,0,0,0,0,0,0,0,0,0,0,0
101,Project Titan 2,,,0,0,0,0,0,0,0,0,0,0,0,0,0,0,0,0,0
102,Project Trident,,,0,0,0,0,0,0,0,0,0,0,0,0,0,0,0,0,0
103,Project Volt,,,0,0,0,0,0,0,0,0,0,0,0,0,0,0,0,0,0
104,QLARIS BIO GLOBAL,,,0,0,0,0,0,0,0,0,0,0,0,0,0,0,0,0,0
105,RHYTHM PHARMACEUTICALS US,379269,RHYTHM PHARMACEUTICALS INC.,1,1,0,1,0,0,0,0,1,0,0,1,0,0,0,0,0
106,SCLERODERMA RESEAR GLOBAL,,,0,0,0,0,0,0,0,0,0,0,0,0,0,0,0,0,0
107,SEAGEN GLOBAL,18425,SEAGEN INC,0,1,0,0,0,0,0,0,1,0,0,0,0,0,0,0,1
108,SHERWIN WILLIAMS COMPANY INC,50595,SHERWIN WILLIAMS,1,1,0,0,0,0,0,0,0,1,0,0,0,0,0,0,0
109,SHERWIN-WILLIAMS COMPANY INC,50595,SHERWIN WILLIAMS,1,1,0,0,1,0,0,0,0,1,0,0,0,0,0,0,0
110,SUMMIT THERAPEUTICS US,244088,SUMMIT THERAPEUTICS INC,1,1,0,0,0,0,0,0,1,0,0,1,0,0,0,0,0
111,Song,2730959,SONG,1,1,1,0,0,0,0,0,0,0,0,0,0,0,0,0,0
112,Starwood Capital Group Holdings,2435488,STARWOOD CAPITAL GROUP LLC,0,1,0,0,0,0,0,0,1,0,0,1,0,0,0,0,0
113,Sumitomo Corporation of America,3082717,SUMITOMO CORPORATION OF AMERICA,1,1,1,0,0,0,0,0,0,0,0,0,0,0,0,0,0
114,Sunrise,296790,SUNRISE,0,1,0,0,0,0,0,0,0,0,0,0,0,0,0,0,0
115,TEVA BRANDED PHARM GLOBAL,1582716,TEVA BRANDED PHARMACEUTICAL PRODUCTS R&D INC.,0,1,0,0,0,0,1,0,1,0,0,0,0,0,0,0,1
116,THE CHARLES SCHWAB CORPORATION,1301599,THE CHARLES SCHWAB CORPORATION,0,1,1,0,0,0,0,0,0,0,0,0,0,0,0,0,0
117,"Teva Pharmaceuticals USA, Inc.",1582831,TEVA PHARMACEUTICALS USA INC,1,1,0,1,1,0,0,0,0,0,0,0,0,0,0,0,0
118,Tidal,,,0,0,0,0,0,0,0,0,0,0,0,0,0,0,0,0,0
119,UPSTREAM BIO GLOBAL,335510,UPSTREAM BIO INC,1,1,0,0,0,0,0,0,1,0,0,0,0,0,0,0,1
120,Unipec (United States),,,0,0,0,0,0,0,0,0,0,0,0,0,0,0,0,0,0
121,"Unipec America, Inc.",,,0,0,0,0,0,0,0,0,0,0,0,0,0,0,0,0,0
122,"Unipec America, Inc. (PANAMA)",,,0,0,0,0,0,0,0,0,0,0,0,0,0,0,0,0,0
123,VANDA PHARMACEUTI GLOBAL,244310,VANDA PHARMACEUTICALS INC.,0,1,0,0,0,0,1,0,1,0,0,0,0,0,0,0,1
124,VANGUARD FIDUCIARY TRUST COMPA,380901,VANGUARD FIDUCIARY TRUST COMPANY,1,1,0,0,0,0,1,0,0,0,0,0,0,0,0,0,0
125,VANGUARD FIDUCIARY TRUST COMPANY,380901,VANGUARD FIDUCIARY TRUST COMPANY,1,1,1,0,0,0,0,0,0,0,0,0,0,0,0,0,0
126,VANGUARD GROUP,3283542,VANGUARD GROUP INC,1,1,0,0,0,0,0,0,1,0,0,0,0,0,0,0,0
127,VERA THERAPEUTICS GLOBAL,275748,VERA THERAPEUTICS INC,1,1,0,0,0,0,0,0,1,0,0,0,0,0,0,0,1
128,VERA THERAPEUTICS INC,275748,VERA THERAPEUTICS INC,1,1,1,0,0,0,0,0,0,0,0,0,0,0,0,0,0
129,"VERACYTE, INC.",381219,VERACYTE INC.,1,1,0,0,1,0,0,0,0,0,0,0,0,0,0,0,0
130,VERASTEM US,361391,VERASTEM INC.,0,1,0,0,0,0,0,0,1,0,0,1,0,0,0,0,0
131,VISTERRA GLOBAL,390805,VISTERRA INC.,0,1,0,0,0,0,0,0,1,0,0,0,0,0,0,0,1
132,ZIDAN MEDICAL GLOBAL,,,0,0,0,0,0,0,0,0,0,0,0,0,0,0,0,0,0
133,ADOLF WÃœRTH GMBH & CO KG,522287,ADOLF WUERTH GMBH & CO. KG,0,1,0,0,1,0,,,,,,,,0,,0,
134,ALTONA DIAGNOSTICS GMBH,1478161,ALTONA DIAGNOSTICS GMBH,0,1,0,0,0,0,,,,,,,,0,,0,
135,ARA AG - Management board,514449,ARA AG,0,1,0,0,1,0,,,,,,,,0,,0,
136,ARA AG - Supervisory board,514449,ARA AG,0,1,0,0,1,0,,,,,,,,0,,0,
137,ARTRON EUROPE GmbH,,,0,0,0,0,0,0,,,,,,,,0,,0,
138,ATI Logistik GmbH & Co. KG,,,0,0,0,1,1,0,,,,,,,,0,,0,
139,Aergo Holdings Limited,,,0,0,0,0,0,0,,,,,,,,0,,0,
140,Aluminium Rheinfelden Alloys GmbH,3224279,ALUMINIUM RHEINFELDEN ALLOYS GMBH,0,1,0,0,0,0,,,,,,,,0,,0,
141,BA23,,,0,0,0,0,0,0,,,,,,,,0,,0,
142,BEC GESELLSCHAFT FÃœR PRODUKT-MNAGEMENT MBH,,,0,0,0,0,1,0,,,,,,,,0,,0,
143,BOLLMANN BRENNSTOFFE GMBH,,,0,0,0,0,0,0,,,,,,,,0,,0,
144,Balandis Real Estate GmbH,,,0,0,0,0,0,0,,,,,,,,0,,0,
145,Batavus II,,,0,0,0,0,0,0,,,,,,,,0,,0,
146,Broetje-Automation GmbH,499368,BROETJE-AUTOMATION GMBH,0,1,0,0,1,0,,,,,,,,0,,0,
147,CARCOUSTICS BELGIUM N.V. - MNC CAS -  CARCOUSTICSINTERNATIONAL GMBH,1034505,CARCOUSTICS INTERNATIONAL GMBH,0,1,0,1,1,0,,,,,,,,0,,0,
148,CARCOUSTICS INTERNATIONAL,1034505,CARCOUSTICS INTERNATIONAL GMBH,0,1,0,0,0,0,,,,,,,,0,,0,
149,CARLINO 1 S.R.L.,,,0,0,0,1,0,0,,,,,,,,0,,0,
150,CARLINO FTV 2 S.A.S. DI ITALIAN SOLARPOWER PROJECTS 1 S.R.L.,,,0,0,0,1,0,0,,,,,,,,0,,0,
151,CARLINO FTV 3 S.R.L.,,,0,0,0,1,0,0,,,,,,,,0,,0,
152,Certa Batavus II,,,0,0,0,0,0,0,,,,,,,,0,,0,
153,Certa ESB Nord,,,0,0,0,0,0,0,,,,,,,,0,,0,
154,DB Energie GmbH,1327246,DB ENERGIE GMBH,0,1,0,0,0,0,,,,,,,,0,,0,
155,DEUTSCHE INDUSTRIE UND PARKHAUSBAU GMBH,,,0,0,0,0,0,0,,,,,,,,0,,0,
156,DR WILLMAR SCHWABE GMBH AND CO KG,,,0,0,0,0,0,0,,,,,,,,0,,0,
157,Dastex Group GmbH,,,0,0,0,0,0,0,,,,,,,,0,,0,
158,Data Modul Ag,171938,DATA MODUL AG,0,1,0,0,0,0,,,,,,,,0,,0,
159,Deutsches Rotes Kreuz Kreisverband Mannheim e.V.,,,0,0,0,1,0,0,,,,,,,,0,,0,
160,ECOBAT Resources Germany,3316277,ECOBAT LLC,0,1,0,0,0,0,,,,,,,,0,,0,
161,EZN B.V. - MNC CAS - BOCHUMER ELEKTROMOTORENWERK W,,,0,0,0,1,1,0,,,,,,,,0,,0,
162,Eichhorn AG,,,0,0,0,0,0,0,,,,,,,,0,,0,
163,FERRERO DEUTSCHLAND,,,0,0,0,0,0,0,,,,,,,,0,,0,
164,Frankfurter Bankgesellschaft (Deutschland) AG,,,0,0,0,0,1,0,,,,,,,,0,,0,
165,Fraunhofer Gesellschaft Instit ut fÃ¼r Molekularbiologie und a,,,0,0,0,0,0,0,,,,,,,,0,,0,
166,Fraunhofer Gesellschaft Institut fÃ¼r Molekularbiologie und angewandte Ã–kologie TMP Projektgruppe,,,0,0,0,0,0,0,,,,,,,,0,,0,
167,Fraunhofer-Gesellschaft,,,0,0,0,0,1,0,,,,,,,,0,,0,
168,Fraunhofer-Gesellschaft e.V. f Ã¼r sein Fraunhofer ITMP Frankf,,,0,0,0,1,1,0,,,,,,,,0,,0,
169,Fraunhofer-Gesellschaft e.V. fÃ¼r sein Fraunhofer ITMP Frankfurt,,,0,0,0,1,1,0,,,,,,,,0,,0,
170,Fuchs Petrolub Se,418830,FUCHS SE,0,1,0,0,0,0,,,,,,,,0,,0,
171,GKW Consult GmbH,,,0,0,0,0,0,0,,,,,,,,0,,0,
172,GLASFASERPLUS (GERMANY),,,0,0,0,0,1,0,,,,,,,,0,,0,
173,GREENPEAK Continuation Fund I (Certania) GmbH & Co. KG,,,0,0,0,1,1,0,,,,,,,,0,,0,
174,GREENPEAK Continuation Fund I (Certania) GmbH & Co. KG; GREENPEAK Continuation Fund I Aggregator GmbH & Co. KG et al,,,0,0,0,1,1,0,,,,,,,,0,,0,
175,Gebr. Brasseler GmbH & Co. KG,,,0,0,0,1,1,0,,,,,,,,0,,0,
176,Gesellschaft der EuropahÃ¤user und EuropÃ¤ischen Akademien e.V.,,,0,0,0,1,0,0,,,,,,,,0,,0,
177,Gesellschaft der EuropÃ¤ischen Akademien e.V.,,,0,0,0,1,0,0,,,,,,,,0,,0,
178,HELU KABEL GmbH,528674,HELU KABEL GMBH,0,1,0,0,0,0,,,,,,,,0,,0,
179,HUGO KERN UND LIEBERS GMBH & CO. KG,526673,KERN LIEBERS GMBH & CO. KG,0,1,0,1,1,0,,,,,,,,0,,0,
180,HUGO KERN UND LIEBERS GMBH AND CO KG PLATINEN UND FEDERNFABRIK,526673,KERN LIEBERS GMBH & CO. KG,0,1,0,0,0,0,,,,,,,,0,,0,
181,HYMMEN GMBH MASCHINEN- UND ANLAGENBAU,,,0,0,0,0,1,0,,,,,,,,0,,0,
182,Hagiwara Electric Europe,2113863,HAGIWARA ELECTRIC EUROPE GMBH,0,1,0,0,0,0,,,,,,,,0,,0,
183,Hamburg Commercial Bank,2337862,HAMBURG COMMERCIAL BANK AG,0,1,0,0,0,0,,,,,,,,0,,0,
184,Heidelberg Materials AG,395545,HEIDELBERG MATERIALS AG,0,1,0,0,0,0,,,,,,,,0,,0,
185,Heimkreiter GmbH,,,0,0,0,0,0,0,,,,,,,,0,,0,
186,HÃ¼peden & CO (GmbH & Co.),,,0,0,0,1,1,0,,,,,,,,0,,0,
187,ICM InvestmentBank AG,,,0,0,0,0,0,0,,,,,,,,0,,0,
188,ILJIN GmbH,929573,ILJIN EUROPE GMBH,0,1,0,0,0,0,,,,,,,,0,,0,
189,ILJIN Motion & Control GmbH,929573,ILJIN EUROPE GMBH,0,1,0,0,1,0,,,,,,,,0,,0,
190,ILS AG,,,0,0,0,0,0,0,,,,,,,,0,,0,
191,IPSEN GROUP HOLDING GMBH,2233174,IPSEN INTERNATIONAL HOLDING GMBH,0,1,0,0,0,0,,,,,,,,0,,0,
192,IPSEN INTERNATIONAL HOLDI,2233174,IPSEN INTERNATIONAL HOLDING GMBH,0,1,0,0,0,0,,,,,,,,0,,0,
193,Infraserv GmbH & Co. HÃ¶chst KG,598823,INFRASERV GMBH & CO. HÃ–CHST KG,0,1,0,1,1,0,,,,,,,,0,,0,
194,JCM Europe GmbH,508467,JCM EUROPE GMBH,0,1,0,0,0,0,,,,,,,,0,,0,
195,K + S Aktiengesellschaft,377209,K+S AKTIENGESELLSCHAFT,0,1,0,0,1,0,,,,,,,,0,,0,
196,KARG REAL ESTATE GMBH,,,0,0,0,0,0,0,,,,,,,,0,,0,
197,KARL,,,0,0,0,0,0,0,,,,,,,,0,,0,
198,KUBOTA BRABENDER TECHNOLO,436035,KUBOTA BRABENDER TECHNOLOGIE GMBH,0,0,0,0,0,0,,,,,,,,0,,0,
199,Kure Grinding Wheel (Deutschland) GmbH,,,0,0,0,0,1,0,,,,,,,,0,,0,
200,LENZ ENERGIE AG,,,0,0,0,0,0,0,,,,,,,,0,,0,
201,LEUENDORFF GEBÃ„UDETECHNIK  ENERGIE- UND MINERALÃ–LH NERALÃ–LHA,491344,LEUENDORFF GEBAEUDETECHNIK ENERGIE- UND MINERALOELHANDEL GMBH,0,1,0,0,1,0,,,,,,,,0,,0,
202,La Famiglia GmbH,1334524,LA FAMIGLIA FONDS I GMBH & CO. KG,0,1,0,0,0,0,,,,,,,,0,,0,
203,La Famiglia II GmbH,1059865,LA FAMIGLIA FONDS II GMBH & CO. KG,0,1,0,0,0,0,,,,,,,,0,,0,
204,Langer-UmzÃ¼ge GmbH,,,0,0,0,0,1,0,,,,,,,,0,,0,
205,Lehel HÃ¶fe GmbH c/o Athos KG,,,0,0,0,0,1,0,,,,,,,,0,,0,
206,Logwin AG,,,0,0,0,0,0,0,,,,,,,,0,,0,
207,Losberger De Boer Holding,2395936,LOSBERGER DE BOER HOLDING GMBH,0,1,0,0,0,0,,,,,,,,0,,0,
208,MAIERGROUP VERSICHERUNGSM,,,0,0,0,0,0,0,,,,,,,,0,,0,
209,MAIERGROUP VERSICHERUNGSMAKLER GMBH,,,0,0,0,0,0,0,,,,,,,,0,,0,
210,MARC OÂ´POLO INTERNATIONAL GMBH,537932,MARC O'POLO INTERNATIONAL GMBH,0,0,0,0,1,0,,,,,,,,0,,0,
211,MEDIRA GMBH,,,0,1,0,0,0,0,,,,,,,,0,,0,
212,MOXINO S.Ã.R.L.,,,0,0,0,1,0,0,,,,,,,,0,,0,
213,Marsh GmbH,154518,MARSH GMBH,0,1,0,0,0,0,,,,,,,,0,,0,
214,Mitani Europe GmbH,,,0,0,0,0,0,0,,,,,,,,0,,0,
215,Mitsui Chemicals Europe GmbH,1882050,MITSUI CHEMICALS EUROPE GMBH,0,1,0,0,0,0,,,,,,,,0,,0,
216,MoldTecs-01-2022 GmbH,1505986,MOLDTECS-01-2022 GMBH,0,1,0,0,1,0,,,,,,,,0,,0,
217,MÃ¼nchener RÃ¼ckversicherungs-Gesellschaft Aktiengesellschaft in MÃ¼nchen,969,MÃœNCHENER RÃœCKVERSICHERUNGS-GESELLSCHAFT AKTIENGESELLSCHAFT IN MÃœNCHEN,0,1,0,0,1,0,,,,,,,,0,,0,
218,NASSAUISCHE SPARKASSE,352875,NASSAUISCHE SPARKASSE,0,1,0,0,0,0,,,,,,,,0,,0,
219,NDEnergie GmbH & Co. KG,,,0,0,0,1,1,0,,,,,,,,0,,0,
220,P & S VermÃ¶gensberatungs AG Performance & Sicherheit,,,0,0,0,0,1,0,,,,,,,,0,,0,
221,PCC SE,2329126,PCC SE,0,0,0,0,0,0,,,,,,,,0,,0,
222,PROJECT PCC (PRIME CORPORATE CENTER GMBH&CO KG),2329126,PCC SE,0,0,0,0,1,0,,,,,,,,0,,0,
223,Pensionskasse der Wacker Chemie VVaG,1393359,PENSIONSKASSE DER WACKER CHEMIE VVAG,0,1,0,0,0,0,,,,,,,,0,,0,
224,Peter KÃ¶lln GmbH & Co.,499397,PETER KOELLN GMBH & CO. KGAA,0,1,0,1,1,0,,,,,,,,0,,0,
225,Project Haven (1XS),,,0,0,0,0,1,0,,,,,,,,0,,0,
226,RECKITT BENCKISER DEUTSCHLAND GMBHAMG,525552,RECKITT BENCKISER DEUTSCHLAND GMBH,0,1,0,0,0,0,,,,,,,,0,,0,
227,RECKITT BENCKISERDEUTSCHLAND GMBH,525552,RECKITT BENCKISER DEUTSCHLAND GMBH,0,1,0,0,0,0,,,,,,,,0,,0,
228,RENGGLI Deutschland GmbH c/o heberle.mayer GbR,,,0,0,0,1,1,0,,,,,,,,0,,0,
229,RIEDEL COMMUNICATIONS GMB,1478490,RIEDEL COMMUNICATIONS GMBH & CO. KG,0,1,0,0,0,0,,,,,,,,0,,0,
230,RIEDEL COMMUNICATIONS GMBH & CO. KG,1478490,RIEDEL COMMUNICATIONS GMBH & CO. KG,0,1,0,1,1,0,,,,,,,,0,,0,
231,RV TRIO INDUSTRIE SERVICE,1596388,RV TRIO INDUSTRIE SERVICE GMBH,0,1,0,0,0,0,,,,,,,,0,,0,
232,Ralf Nitschke,,,0,0,0,0,0,0,,,,,,,,0,,0,
233,SEVES Group S.ar.l.,606363,SEDIVER,0,1,0,1,0,0,,,,,,,,0,,0,
234,SEVES Group S.Ã r.l.,606363,SEDIVER,0,1,0,1,0,0,,,,,,,,0,,0,
235,SGB-SMIT Beteiligung GmbH,3085412,SGB-SMIT BETEILIGUNG GMBH,0,1,0,0,1,0,,,,,,,,0,,0,
236,SPARKASSE HANAU,2337049,SPARKASSE HANAU,0,1,0,0,0,0,,,,,,,,0,,0,
237,SPV MABILLON,,,0,0,0,0,0,0,,,,,,,,0,,0,
238,THOMSEN ENERGIE GMBH & CO. KG,,,0,0,0,1,1,0,,,,,,,,0,,0,
239,Tenga Europe GmbH,,,0,0,0,0,0,0,,,,,,,,0,,0,
240,UNIVERSITÃ„TSMEDIZIN DER JOHANNES GUTENBERG,,,0,0,0,0,0,0,,,,,,,,0,,0,
241,UNIVERSITÃ„TSMEDIZIN DER JOHANNES-GUTENBERG-UNIVERSITÃ„T,,,0,0,0,0,1,0,,,,,,,,0,,0,
242,Universitatsklinikum Esse,,,0,0,0,0,0,0,,,,,,,,0,,0,
243,VON ARDENNE HOLDING SE &,500796,VON ARDENNE HOLDING SE & CO. KGAA,0,1,0,0,1,0,,,,,,,,0,,0,
244,VON ARDENNE HOLDING SE & CO. KGAA,500796,VON ARDENNE HOLDING SE & CO. KGAA,0,1,0,1,1,0,,,,,,,,0,,0,
245,VOSSLOH AG,381332,VOSSLOH AG,0,1,0,0,0,0,,,,,,,,0,,0,
246,Velvet,1293132,VELVET,0,1,0,0,0,0,,,,,,,,0,,0,
247,WIKA Alexander Wiegand G,530717,WIKA ALEXANDER WIEGAND SE & CO. KG,0,1,0,0,0,0,,,,,,,,0,,0,
248,WIKA Alexander Wiegand SE & Co. KG,530717,WIKA ALEXANDER WIEGAND SE & CO. KG,0,1,0,1,1,0,,,,,,,,0,,0,
249,WINTERHALTER GASTRONOM GMBH,537208,WINTERHALTER GASTRONOM GMBH,0,1,0,0,0,0,,,,,,,,0,,0,
250,Wayss & Freytag Ingenieur,2253553,WAYSS & FREYTAG INGENIEURBAU AG,0,1,0,0,1,0,,,,,,,,0,,0,
251,YASKAWA Turkey Elektrik T,1978686,YASKAWA ELECTRIC,0,1,0,0,0,0,,,,,,,,0,,0,
252,feps GmbH,2520645,EPS HOLDING GMBH,0,1,0,0,0,0,,,,,,,,0,,0,
253,nanotools GmbH,,,0,0,0,0,0,0,,,,,,,,0,,0,
254,7 DARMOR,,,,0,0,0,0,0,,,,,,,,0,,0,
255,A CENTAURE,,,,0,0,0,0,0,,,,,,,,0,,0,
256,ACD AVOCATS,,,,0,0,0,0,0,,,,,,,,0,,0,
257,AD-HOC SCIENTIFIC,,,,0,0,0,1,0,,,,,,,,0,,0,
258,ADISSEO,1265508,ADISSEO USA INC.,,1,0,0,0,0,,,,,,,,0,,0,
259,ADISSEO FRANCE S.A.S.,1108635,ADISSEO FRANCE SAS,,1,0,1,0,0,,,,,,,,0,,0,
260,ADISSEO FRANCE SAS,1108635,ADISSEO FRANCE SAS,,1,0,0,0,0,,,,,,,,0,,0,
261,AEROPORT GUADELOUPE POLE,,,,0,0,0,0,0,,,,,,,,0,,0,
262,AEROPORT GUADELOUPE POLE CARAIBES SA,,,,0,0,0,0,0,,,,,,,,0,,0,
263,AFI ATELIERS FABRICATIONS INDUSTRIELLES,,,,0,0,0,0,0,,,,,,,,0,,0,
264,ALBATROS,593554,ALBATROS,,1,0,0,0,0,,,,,,,,0,,0,
265,ALIANE,,,,0,0,0,0,0,,,,,,,,0,,0,
266,ARHLM ASSOCIATION REGIONALE DES ORGANISMES HLM REGIONS PROVENCE ALPES COTE AZUR,,,,0,0,0,0,0,,,,,,,,0,,0,
267,ARIANE GROUP,2490302,ARIANEGROUP SAS,,1,0,0,0,0,,,,,,,,0,,0,
268,ARIANEGROUP,2490302,ARIANEGROUP SAS,,1,0,0,0,0,,,,,,,,0,,0,
269,ARIANEGROUP HOLDI GLOBAL,2300902,ARIANEGROUP HOLDING,,1,0,0,0,0,,,,,,,,0,,0,
270,ARIANEGROUP HOLDING SAS,2300902,ARIANEGROUP HOLDING,,1,0,0,0,0,,,,,,,,0,,0,
271,ARIANEGROUP SAS,2490302,ARIANEGROUP SAS,,1,0,0,0,0,,,,,,,,0,,0,
272,ARIANEGROUPE HOLDING SAS,2300902,,,1,0,0,0,0,,,,,,,,0,,0,
273,ASSOCIATION CENTAURE,,,,0,0,0,0,0,,,,,,,,0,,0,
274,ASSOCIATION MONTJOYE,,,,0,0,0,0,0,,,,,,,,0,,0,
275,ASSOCIATION SAINT ANDRE,,,,0,0,0,0,0,,,,,,,,0,,0,
276,ATHLON FR,2381047,ATHLON FRANCE SNC,,1,0,0,0,0,,,,,,,,0,,0,
277,AUDEMARD,,,,0,0,0,0,0,,,,,,,,0,,0,
278,AUROBAC THERAPEUTICS,495614,AUROBAC THERAPEUTICS SAS,,1,0,0,0,0,,,,,,,,0,,0,
279,AUROBAC THERAPEUTICS SAS,495614,AUROBAC THERAPEUTICS SAS,,1,0,0,0,0,,,,,,,,0,,0,
280,BIO COIN JOLI,,,,0,0,0,0,0,,,,,,,,0,,0,
281,BOZEL EUROPE,,,,0,0,0,0,0,,,,,,,,0,,0,
282,BOZEL EUROPE SAS,,,,0,0,0,0,0,,,,,,,,0,,0,
283,CHATEAU PONTET CANET,,,,0,0,0,0,0,,,,,,,,0,,0,
284,CHLORIDE GLOBAL,3301430,CHLORIDE GLOBAL,,1,0,0,0,0,,,,,,,,0,,0,
285,CHLORIDE SAS,3301430,CHLORIDE GLOBAL,,1,0,0,0,0,,,,,,,,0,,0,
286,CONCEPT ENTREPRISE INFORM,,,,0,0,0,0,0,,,,,,,,0,,0,
287,CONCEPT ENTREPRISE INFORMATIQUE,,,,0,0,0,0,0,,,,,,,,0,,0,
288,COPROPRIETE LES FLORALIES,,,,0,0,0,0,0,,,,,,,,0,,0,
289,COTIERE PISCINES,593738,PISCINES DESJOYAUX SA,,1,0,0,0,0,,,,,,,,0,,0,
290,Capital Synthese,,,,0,0,0,0,0,,,,,,,,0,,0,
291,DESENFANS & CO,1400875,DESENFANS,,1,0,0,1,0,,,,,,,,0,,0,
292,DESENFANS ET CO,1400875,DESENFANS,,1,0,0,0,0,,,,,,,,0,,0,
293,EDEIS EXPLOITATION DU TRA,,,,0,0,0,0,0,,,,,,,,0,,0,
294,EDEIS EXPLOITATION DU TRAIN DELA MURE,,,,0,0,0,0,0,,,,,,,,0,,0,
295,ENTREPRISE AUDEMARD,,,,0,0,0,0,0,,,,,,,,0,,0,
296,ENTREPRISE AUDEMARD PACIFIQUE (EAP) NOUVELLE CALEDONIE,,,,0,0,0,1,0,,,,,,,,0,,0,
297,EPROC FACTORY,,,,0,0,0,0,0,,,,,,,,0,,0,
298,EPSYNA,,,,0,0,0,0,0,,,,,,,,0,,0,
299,FEELING,,,,0,0,0,0,0,,,,,,,,0,,0,
300,FEETME,,,,0,0,0,0,0,,,,,,,,0,,0,
301,FINANCIERE C.V.L.,3157382,FINANCIERE C V L,,1,0,1,0,0,,,,,,,,0,,0,
302,FINANCIERE DE LA MACHE,,,,0,0,0,0,0,,,,,,,,0,,0,
303,FOREIS (FONDS DE DOTATION),,,,0,0,0,1,0,,,,,,,,0,,0,
304,FP BUSINESS INVEST,,,,0,0,0,0,0,,,,,,,,0,,0,
305,FV PARTENAIRE,,,,0,0,0,0,0,,,,,,,,0,,0,
306,GO2ROUES,,,,0,0,0,0,0,,,,,,,,0,,0,
307,GPE MACO PHARMA INT - GMP,1479693,MACO PHARMA,,1,0,0,1,0,,,,,,,,0,,0,
308,GROUPE BEDEL,,,,0,0,0,0,0,,,,,,,,0,,0,
309,GROUPE DELMONICO DOREL,,,,0,0,0,0,0,,,,,,,,0,,0,
310,GROUPE DV,,,,0,0,0,0,0,,,,,,,,0,,0,
311,GROUPE DV.,,,,0,0,1,0,0,,,,,,,,0,,0,
312,GROUPE MACO PHARMA (GMPI),1479693,MACO PHARMA,,1,0,0,1,0,,,,,,,,0,,0,
313,HOLDING 2 AILES,,,,0,0,0,0,0,,,,,,,,0,,0,
314,HOLDING JPB,,,,0,0,0,0,0,,,,,,,,0,,0,
315,HYDR.A,,,,0,0,1,0,0,,,,,,,,0,,0,
316,IMAGIN,,,,0,0,0,0,0,,,,,,,,0,,0,
317,IMFPA,,,,0,0,0,0,0,,,,,,,,0,,0,
318,INSTITUT DE PSYCHOLOGIE PRATIQUE DE L INSTITUT CATHOLIQUE L ASSOCIATION DES ANCIENS ET DE FORMATION,,,,0,0,0,0,0,,,,,,,,0,,0,
319,J.A.M.,,,,0,0,1,0,0,,,,,,,,0,,0,
320,JALLATTE SAS,,,,0,0,0,0,0,,,,,,,,0,,0,
321,JATROPHA SCA SICAV-FIS,,,,0,0,0,1,0,,,,,,,,0,,0,
322,JMP SECURITE,1389447,JMP GROUP INC.,,1,0,0,0,0,,,,,,,,0,,0,
323,JOLLIET INNOVATION,,,,0,0,0,0,0,,,,,,,,0,,0,
324,LACOUR HOLDING,,,,0,0,0,0,0,,,,,,,,0,,0,
325,LALBATROS,593554,ALBATROS,,1,0,0,0,0,,,,,,,,0,,0,
326,LECTRA FRANCE POUR SON PR,,,,0,0,0,0,0,,,,,,,,0,,0,
327,LECTRA France pour son proprecompte et pour le compte de se,,,,0,0,0,0,0,,,,,,,,0,,0,
328,LECTRA SA,112283,LECTRA,,1,0,0,0,0,,,,,,,,0,,0,
329,LES TAMARINS,,,,0,0,0,0,0,,,,,,,,0,,0,
330,LISI,377608,LISI SA,,1,0,0,0,0,,,,,,,,0,,0,
331,LISI SA,377608,LISI SA,,1,0,0,0,0,,,,,,,,0,,0,
332,Le portalet,,,,0,0,0,0,0,,,,,,,,0,,0,
333,MALEA REST,,,,0,0,0,0,0,,,,,,,,0,,0,
334,MP GEOTEX,,,,0,0,0,0,0,,,,,,,,0,,0,
335,OFF WHITE OPERAT GLOBAL,,,,0,0,0,0,0,,,,,,,,0,,0,
336,OLMA IMMOBILIER REP COP M,,,,0,0,0,0,0,,,,,,,,0,,0,
337,OLMA IMMOBILIER REP COP MONTET OCTROI,,,,0,0,0,0,0,,,,,,,,0,,0,
338,OPALE TOPCO,,,,0,0,0,0,0,,,,,,,,0,,0,
339,OPTIMIS ACTION,,,,0,0,0,0,0,,,,,,,,0,,0,
340,PORCHERON FRERES ET CIE,,,,0,0,0,0,0,,,,,,,,0,,0,
341,REKEEP SANTE,,,,0,0,0,0,0,,,,,,,,0,,0,
342,REQUET CHABANEL AGISSANT TANT POUR SON COMPTE QUEPOUR CELUI DE SPFPL HRC SAS ET ASFODES,,,,0,0,0,0,0,,,,,,,,0,,0,
343,RESALLIANCE,,,,0,0,0,0,0,,,,,,,,0,,0,
344,REXEL ELECTRIQUE,1337683,REXEL ELECTRICAL,,1,0,0,0,0,,,,,,,,0,,0,
345,RYOHIN KEIKAKU FRANCE,2173719,RYOHIN KEIKAKU FRANCE SAS,,1,0,0,0,0,,,,,,,,0,,0,
346,S.T.B. SOCIETE TRAVAUX BATIMENTS,,,,0,0,1,0,0,,,,,,,,0,,0,
347,SAILS AND SWING,,,,0,0,0,0,0,,,,,,,,0,,0,
348,SARL BOURNEZ GUILLOT,,,,0,0,0,0,0,,,,,,,,0,,0,
349,SAS ARIANEGROUP HOLDING,2300902,ARIANEGROUP HOLDING,,1,0,0,0,0,,,,,,,,0,,0,
350,SAS DECO-PREM AGISSANT TANT POUR SON COMPTE QUE POUR CELUI DE SA HOLDING DUJOURDHUI PATRIMOINES,,,,0,0,0,1,0,,,,,,,,0,,0,
351,SAS LUSCIE,,,,0,0,0,0,0,,,,,,,,0,,0,
352,SC PRYM TANT POUR SON COMPTE QUE POUR CELUI DES ETS DUAULT ET LITERIE SAINT PIERRE,,,,0,0,0,0,0,,,,,,,,0,,0,
353,SDC 3 /40 RUE DE LA CHAUS LA CHAUSSE REP PAR TIFFEN COGE,,,,0,0,0,1,0,,,,,,,,0,,0,
354,SECHE ECO SERVICES,598459,SECHE ECO SERVICES,,1,0,0,0,0,,,,,,,,0,,0,
355,SEINE ET MARNE PISCINES,593738,PISCINES DESJOYAUX SA,,1,0,0,0,0,,,,,,,,0,,0,
356,SGF SAS,,,,0,0,0,0,0,,,,,,,,0,,0,
357,SIACI SAINT HONORE,615648,SIACI SAINT HONORE,,1,0,0,0,0,,,,,,,,0,,0,
358,SMW AUTOBLOK,537455,SMW-AUTOBLOK SPANNSYSTEME GMBH,,1,0,0,0,0,,,,,,,,0,,0,
359,SNC PARIS AUSTERLITZ A7A8,1585478,SNC PARIS AUSTERLITZ A7A8,,1,0,0,0,0,,,,,,,,0,,0,
360,SOCIETE FINANCIERE VERRIER HOLDING,,,,0,0,0,0,0,,,,,,,,0,,0,
361,SOCIETE PROVENCALE DE MATERIAUX,,,,0,0,0,0,0,,,,,,,,0,,0,
362,SODISPO,,,,0,0,0,0,0,,,,,,,,0,,0,
363,SOGETREL,599563,SOGETREL,,1,0,0,0,0,,,,,,,,0,,0,
364,SSDT,,,,0,0,0,0,0,,,,,,,,0,,0,
365,STIRWELD,,,,0,0,0,0,0,,,,,,,,0,,0,
366,TAKETWO INTERACTIVE FR,386600,TAKE TWO INTERACTIVE FRANCE,,1,0,0,0,0,,,,,,,,0,,0,
367,TENNANT,74420,TENNANT,,1,0,0,0,0,,,,,,,,0,,0,
368,TEXTILES DU GRAND CHEMIN,,,,0,0,0,0,0,,,,,,,,0,,0,
369,THE GOOD FIT,,,,0,0,0,0,0,,,,,,,,1,,0,
370,THIERRY MULLER,,,,0,0,0,0,0,,,,,,,,0,,0,
371,TRANSRISLE,,,,0,0,0,0,0,,,,,,,,0,,0,
372,TRAPY INVEST,,,,0,0,0,0,0,,,,,,,,0,,0,
373,TSH GROUP HOLDING B.V.,,,,0,0,1,0,0,,,,,,,,0,,0,
374,UNION DE COOPERATIVE ALLIANCE FORETS BOIS,2595322,ALLIANCE FORETS BOIS,,1,0,0,0,0,,,,,,,,0,,0,
375,VALDEYRON MATERIAUX,,,,0,0,0,0,0,,,,,,,,0,,0,
376,VERMEER CAPITAL PARTNERS,,,,0,0,0,0,0,,,,,,,,0,,0,
377,XB DEVELOPPEMENT,,,,0,0,0,0,0,,,,,,,,0,,0,
